ID,Margarine,After4weeks,After8weeks,Before
1,B,5.83,5.75,6.42
2,B,6.2,6.13,6.76
3,B,5.83,5.71,6.56
4,A,4.27,4.15,4.8
5,B,7.4,7.13875,7.4375
6,A,7.12,7.05,7.49
7,B,7.25,7.1,7.4375
8,A,4.63,4.67,5.05
9,B,5.31,5.33,5.817499999999999
10,A,3.7,3.66,3.91
11,B,6.15,5.96,6.77
12,B,5.59,5.64,6.44
13,A,5.56,5.51,6.17
14,A,7.11,6.96,7.67
15,A,6.84,6.82,7.34
16,B,6.4,6.29,6.85
17,A,4.52,4.45,5.13
18,B,5.13,5.17,5.817499999999999
